id,capital,provincia,lat,lon,fuente,fecha_consulta,verificado_manual,nota
0,Vitoria-Gasteiz,Araba/Álava,42.846824,-2.672340,"IGN - NGMEP 202603 (ENTIDADES.csv, TIPO 'Capital de municipio')",2026-10-07,true,"CODIGOINE 01059006301 (NGMEP 202603, Capital de municipio); ORIGENCOOR NGMEP 'Detección automática'; distancia a IGR Poblaciones (mismo código; NUCL, capitalidad 011110): 0.461 km; municipio INE 01059 'Vitoria-Gasteiz' (relación INE 1-ene-2026); punto dentro de la provincia IGN: sí; OSM/Nominatim a 1.0 km (municipality; misma provincia); VERIFICACIÓN (lista Spec §7.2): CODIGOINE NGMEP = código IGR; municipio oficial INE 2026 y provincia INE 01 'Araba/Álava'; punto NGMEP y punto OSM dentro del polígono provincial IGN; distancia a IGR <= 2,5 km; superada"
1,Albacete,Albacete,38.996134,-1.855678,"IGN - NGMEP 202603 (ENTIDADES.csv, TIPO 'Capital de municipio')",2026-10-07,false,"CODIGOINE 02003000201 (NGMEP 202603, Capital de municipio); ORIGENCOOR NGMEP 'Detección automática'; distancia a IGR Poblaciones (mismo código; NUCL, capitalidad 001100): 0.902 km; municipio INE 02003 'Albacete' (relación INE 1-ene-2026); punto dentro de la provincia IGN: sí; OSM/Nominatim a 0.1 km (city; misma provincia)"
2,Alacant/Alicante,Alacant/Alicante,38.345307,-0.481366,"IGN - NGMEP 202603 (ENTIDADES.csv, TIPO 'Capital de municipio')",2026-10-07,false,"CODIGOINE 03014000201 (NGMEP 202603, Capital de municipio); ORIGENCOOR NGMEP 'Detección automática'; distancia a IGR Poblaciones (mismo código; NUCL, capitalidad 001100): 1.405 km; municipio INE 03014 'Alacant/Alicante' (relación INE 1-ene-2026); punto dentro de la provincia IGN: sí; OSM/Nominatim a 0.6 km (city; misma provincia)"
3,Almería,Almería,36.840113,-2.467672,"IGN - NGMEP 202603 (ENTIDADES.csv, TIPO 'Capital de municipio')",2026-10-07,false,"CODIGOINE 04013000101 (NGMEP 202603, Capital de municipio); ORIGENCOOR NGMEP 'Detección automática'; distancia a IGR Poblaciones (mismo código; NUCL, capitalidad 001100): 1.165 km; municipio INE 04013 'Almería' (relación INE 1-ene-2026); punto dentro de la provincia IGN: sí; OSM/Nominatim a 14.2 km (city; misma provincia)"
4,Ávila,Ávila,40.656810,-4.700065,"IGN - NGMEP 202603 (ENTIDADES.csv, TIPO 'Capital de municipio')",2026-10-07,false,"CODIGOINE 05019000301 (NGMEP 202603, Capital de municipio); ORIGENCOOR NGMEP 'Detección automática'; distancia a IGR Poblaciones (mismo código; NUCL, capitalidad 001100): 0.944 km; municipio INE 05019 'Ávila' (relación INE 1-ene-2026); punto dentro de la provincia IGN: sí; OSM/Nominatim a 3.2 km (city; misma provincia)"
5,Badajoz,Badajoz,38.878902,-6.969699,"IGN - NGMEP 202603 (ENTIDADES.csv, TIPO 'Capital de municipio')",2026-10-07,false,"CODIGOINE 06015000402 (NGMEP 202603, Capital de municipio); ORIGENCOOR NGMEP 'Detección automática'; distancia a IGR Poblaciones (mismo código; NUCL, capitalidad 001100): 0.918 km; municipio INE 06015 'Badajoz' (relación INE 1-ene-2026); punto dentro de la provincia IGN: sí; OSM/Nominatim a 0.1 km (city; misma provincia)"
6,Barcelona,Barcelona,41.382290,2.177440,"IGN - NGMEP 202603 (ENTIDADES.csv, TIPO 'Capital de municipio')",2026-10-07,false,"CODIGOINE 08019000101 (NGMEP 202603, Capital de municipio); ORIGENCOOR NGMEP 'Detección automática'; distancia a IGR Poblaciones (mismo código; NUCL, capitalidad 011100): 2.350 km; municipio INE 08019 'Barcelona' (relación INE 1-ene-2026); punto dentro de la provincia IGN: sí; OSM/Nominatim a 0.0 km (city; misma provincia)"
7,Burgos,Burgos,42.340585,-3.702176,"IGN - NGMEP 202603 (ENTIDADES.csv, TIPO 'Capital de municipio')",2026-10-07,false,"CODIGOINE 09059000101 (NGMEP 202603, Capital de municipio); ORIGENCOOR NGMEP 'Detección automática'; distancia a IGR Poblaciones (mismo código; NUCL, capitalidad 001100): 2.161 km; municipio INE 09059 'Burgos' (relación INE 1-ene-2026); punto dentro de la provincia IGN: sí; OSM/Nominatim a 1.8 km (city; misma provincia)"
8,Cáceres,Cáceres,39.474510,-6.371845,"IGN - NGMEP 202603 (ENTIDADES.csv, TIPO 'Capital de municipio')",2026-10-07,false,"CODIGOINE 10037000101 (NGMEP 202603, Capital de municipio); ORIGENCOOR NGMEP 'Investigación'; distancia a IGR Poblaciones (mismo código; NUCL, capitalidad 001100): 0.000 km; municipio INE 10037 'Cáceres' (relación INE 1-ene-2026); punto dentro de la provincia IGN: sí; OSM/Nominatim a 0.0 km (city; misma provincia)"
9,Cádiz,Cádiz,36.529594,-6.292955,"IGN - NGMEP 202603 (ENTIDADES.csv, TIPO 'Capital de municipio')",2026-10-07,false,"CODIGOINE 11012000101 (NGMEP 202603, Capital de municipio); ORIGENCOOR NGMEP 'Detección automática'; distancia a IGR Poblaciones (mismo código; NUCL, capitalidad 001100): 0.000 km; municipio INE 11012 'Cádiz' (relación INE 1-ene-2026); punto dentro de la provincia IGN: sí; OSM/Nominatim a 0.0 km (city; misma provincia)"
10,Castelló de la Plana,Castelló/Castellón,39.986045,-0.037849,"IGN - NGMEP 202603 (ENTIDADES.csv, TIPO 'Capital de municipio')",2026-10-07,true,"CODIGOINE 12040000101 (NGMEP 202603, Capital de municipio); ORIGENCOOR NGMEP 'Detección automática'; distancia a IGR Poblaciones (mismo código; NUCL, capitalidad 001100): 0.000 km; municipio INE 12040 'Castelló de la Plana/Castellón de la Plana' (relación INE 1-ene-2026); punto dentro de la provincia IGN: sí; OSM/Nominatim a 0.0 km (city; misma provincia); VERIFICACIÓN (lista Spec §7.2): CODIGOINE NGMEP = código IGR; municipio oficial INE 2026 y provincia INE 12 'Castellón/Castelló'; punto NGMEP y punto OSM dentro del polígono provincial IGN; distancia a IGR <= 2,5 km; superada"
11,Ciudad Real,Ciudad Real,38.984898,-3.928485,"IGN - NGMEP 202603 (ENTIDADES.csv, TIPO 'Capital de municipio')",2026-10-07,false,"CODIGOINE 13034000201 (NGMEP 202603, Capital de municipio); ORIGENCOOR NGMEP 'Detección automática'; distancia a IGR Poblaciones (mismo código; NUCL, capitalidad 001100): 0.000 km; municipio INE 13034 'Ciudad Real' (relación INE 1-ene-2026); punto dentro de la provincia IGN: sí; OSM/Nominatim a 0.1 km (city; misma provincia)"
12,Córdoba,Córdoba,37.885200,-4.776242,"IGN - NGMEP 202603 (ENTIDADES.csv, TIPO 'Capital de municipio')",2026-10-07,true,"CODIGOINE 14021000901 (NGMEP 202603, Capital de municipio); ORIGENCOOR NGMEP 'Detección automática'; distancia a IGR Poblaciones (mismo código; NUCL, capitalidad 001100): 0.000 km; municipio INE 14021 'Córdoba' (relación INE 1-ene-2026); punto dentro de la provincia IGN: sí; OSM/Nominatim a 0.1 km (city; misma provincia); VERIFICACIÓN (lista Spec §7.2): CODIGOINE NGMEP = código IGR; municipio oficial INE 2026 y provincia INE 14 'Córdoba'; punto NGMEP y punto OSM dentro del polígono provincial IGN; distancia a IGR <= 2,5 km; superada"
13,A Coruña,A Coruña,43.371495,-8.395826,"IGN - NGMEP 202603 (ENTIDADES.csv, TIPO 'Capital de municipio')",2026-10-07,true,"CODIGOINE 15030000101 (NGMEP 202603, Capital de municipio); ORIGENCOOR NGMEP 'Detección automática'; distancia a IGR Poblaciones (mismo código; NUCL, capitalidad 001100): 0.000 km; municipio INE 15030 'Coruña, A' (relación INE 1-ene-2026); punto dentro de la provincia IGN: sí; OSM/Nominatim a 3.2 km (municipality; misma provincia); VERIFICACIÓN (lista Spec §7.2): CODIGOINE NGMEP = código IGR; municipio oficial INE 2026 y provincia INE 15 'A Coruña'; punto NGMEP y punto OSM dentro del polígono provincial IGN; distancia a IGR <= 2,5 km; superada"
14,Cuenca,Cuenca,40.077851,-2.130079,"IGN - NGMEP 202603 (ENTIDADES.csv, TIPO 'Capital de municipio')",2026-10-07,false,"CODIGOINE 16078000301 (NGMEP 202603, Capital de municipio); ORIGENCOOR NGMEP 'Detección automática'; distancia a IGR Poblaciones (mismo código; NUCL, capitalidad 001100): 0.000 km; municipio INE 16078 'Cuenca' (relación INE 1-ene-2026); punto dentro de la provincia IGN: sí; OSM/Nominatim a 1.3 km (city; misma provincia)"
15,Girona,Girona,41.983072,2.824786,"IGN - NGMEP 202603 (ENTIDADES.csv, TIPO 'Capital de municipio')",2026-10-07,true,"CODIGOINE 17079000501 (NGMEP 202603, Capital de municipio); ORIGENCOOR NGMEP 'Detección automática'; distancia a IGR Poblaciones (mismo código; NUCL, capitalidad 001100): 0.000 km; municipio INE 17079 'Girona' (relación INE 1-ene-2026); punto dentro de la provincia IGN: sí; OSM/Nominatim a 0.6 km (city; misma provincia); VERIFICACIÓN (lista Spec §7.2): CODIGOINE NGMEP = código IGR; municipio oficial INE 2026 y provincia INE 17 'Girona'; punto NGMEP y punto OSM dentro del polígono provincial IGN; distancia a IGR <= 2,5 km; superada"
16,Granada,Granada,37.174289,-3.598691,"IGN - NGMEP 202603 (ENTIDADES.csv, TIPO 'Capital de municipio')",2026-10-07,false,"CODIGOINE 18087000401 (NGMEP 202603, Capital de municipio); ORIGENCOOR NGMEP 'Detección automática'; distancia a IGR Poblaciones (mismo código; NUCL, capitalidad 001100): 0.000 km; municipio INE 18087 'Granada' (relación INE 1-ene-2026); punto dentro de la provincia IGN: sí; OSM/Nominatim a 0.1 km (city; misma provincia)"
17,Guadalajara,Guadalajara,40.633609,-3.167414,"IGN - NGMEP 202603 (ENTIDADES.csv, TIPO 'Capital de municipio')",2026-10-07,true,"CODIGOINE 19130000101 (NGMEP 202603, Capital de municipio); ORIGENCOOR NGMEP 'Detección automática'; distancia a IGR Poblaciones (mismo código; NUCL, capitalidad 001100): 0.000 km; municipio INE 19130 'Guadalajara' (relación INE 1-ene-2026); punto dentro de la provincia IGN: sí; OSM/Nominatim a 0.3 km (city; misma provincia); VERIFICACIÓN (lista Spec §7.2): CODIGOINE NGMEP = código IGR; municipio oficial INE 2026 y provincia INE 19 'Guadalajara'; punto NGMEP y punto OSM dentro del polígono provincial IGN; distancia a IGR <= 2,5 km; superada"
18,Donostia/San Sebastián,Gipuzkoa,43.321523,-1.985721,"IGN - NGMEP 202603 (ENTIDADES.csv, TIPO 'Capital de municipio')",2026-10-07,true,"CODIGOINE 20069000501 (NGMEP 202603, Capital de municipio); ORIGENCOOR NGMEP 'Detección automática'; distancia a IGR Poblaciones (mismo código; NUCL, capitalidad 001100): 0.000 km; municipio INE 20069 'Donostia/San Sebastián' (relación INE 1-ene-2026); punto dentro de la provincia IGN: sí; OSM/Nominatim a 0.2 km (city; misma provincia); VERIFICACIÓN (lista Spec §7.2): CODIGOINE NGMEP = código IGR; municipio oficial INE 2026 y provincia INE 20 'Gipuzkoa'; punto NGMEP y punto OSM dentro del polígono provincial IGN; distancia a IGR <= 2,5 km; superada"
19,Huelva,Huelva,37.256536,-6.949574,"IGN - NGMEP 202603 (ENTIDADES.csv, TIPO 'Capital de municipio')",2026-10-07,false,"CODIGOINE 21041000101 (NGMEP 202603, Capital de municipio); ORIGENCOOR NGMEP 'Detección automática'; distancia a IGR Poblaciones (mismo código; NUCL, capitalidad 001100): 0.000 km; municipio INE 21041 'Huelva' (relación INE 1-ene-2026); punto dentro de la provincia IGN: sí; OSM/Nominatim a 0.2 km (city; misma provincia)"
20,Huesca,Huesca,42.140628,-0.409022,"IGN - NGMEP 202603 (ENTIDADES.csv, TIPO 'Capital de municipio')",2026-10-07,false,"CODIGOINE 22125000801 (NGMEP 202603, Capital de municipio); ORIGENCOOR NGMEP 'Detección automática'; distancia a IGR Poblaciones (mismo código; NUCL, capitalidad 001100): 0.000 km; municipio INE 22125 'Huesca' (relación INE 1-ene-2026); punto dentro de la provincia IGN: sí; OSM/Nominatim a 0.3 km (city; misma provincia)"
21,Jaén,Jaén,37.764576,-3.790869,"IGN - NGMEP 202603 (ENTIDADES.csv, TIPO 'Capital de municipio')",2026-10-07,false,"CODIGOINE 23050000901 (NGMEP 202603, Capital de municipio); ORIGENCOOR NGMEP 'Detección automática'; distancia a IGR Poblaciones (mismo código; NUCL, capitalidad 001100): 0.000 km; municipio INE 23050 'Jaén' (relación INE 1-ene-2026); punto dentro de la provincia IGN: sí; OSM/Nominatim a 1.0 km (city; misma provincia)"
22,León,León,42.597629,-5.574232,"IGN - NGMEP 202603 (ENTIDADES.csv, TIPO 'Capital de municipio')",2026-10-07,true,"CODIGOINE 24089000201 (NGMEP 202603, Capital de municipio); ORIGENCOOR NGMEP 'Detección automática'; distancia a IGR Poblaciones (mismo código; NUCL, capitalidad 001100): 0.000 km; municipio INE 24089 'León' (relación INE 1-ene-2026); punto dentro de la provincia IGN: sí; OSM/Nominatim a 1.1 km (city; misma provincia); VERIFICACIÓN (lista Spec §7.2): CODIGOINE NGMEP = código IGR; municipio oficial INE 2026 y provincia INE 24 'León'; punto NGMEP y punto OSM dentro del polígono provincial IGN; distancia a IGR <= 2,5 km; superada"
23,Lleida,Lleida,41.614704,0.626734,"IGN - NGMEP 202603 (ENTIDADES.csv, TIPO 'Capital de municipio')",2026-10-07,true,"CODIGOINE 25120000601 (NGMEP 202603, Capital de municipio); ORIGENCOOR NGMEP 'Investigación'; distancia a IGR Poblaciones (mismo código; NUCL, capitalidad 001100): 0.000 km; municipio INE 25120 'Lleida' (relación INE 1-ene-2026); punto dentro de la provincia IGN: sí; OSM/Nominatim a 0.0 km (city; misma provincia); VERIFICACIÓN (lista Spec §7.2): CODIGOINE NGMEP = código IGR; municipio oficial INE 2026 y provincia INE 25 'Lleida'; punto NGMEP y punto OSM dentro del polígono provincial IGN; distancia a IGR <= 2,5 km; superada"
24,Logroño,La Rioja,42.466307,-2.439098,"IGN - NGMEP 202603 (ENTIDADES.csv, TIPO 'Capital de municipio')",2026-10-07,false,"CODIGOINE 26089000201 (NGMEP 202603, Capital de municipio); ORIGENCOOR NGMEP 'Detección automática'; distancia a IGR Poblaciones (mismo código; NUCL, capitalidad 011100): 0.000 km; municipio INE 26089 'Logroño' (relación INE 1-ene-2026); punto dentro de la provincia IGN: sí; OSM/Nominatim a 0.1 km (city; misma provincia)"
25,Lugo,Lugo,43.010023,-7.555632,"IGN - NGMEP 202603 (ENTIDADES.csv, TIPO 'Capital de municipio')",2026-10-07,false,"CODIGOINE 27028000101 (NGMEP 202603, Capital de municipio); ORIGENCOOR NGMEP 'Detección automática'; distancia a IGR Poblaciones (mismo código; NUCL, capitalidad 001100): 0.000 km; municipio INE 27028 'Lugo' (relación INE 1-ene-2026); punto dentro de la provincia IGN: sí; OSM/Nominatim a 3.5 km (municipality; misma provincia)"
26,Madrid,Madrid,40.419026,-3.691978,"IGN - NGMEP 202603 (ENTIDADES.csv, TIPO 'Capital de municipio')",2026-10-07,false,"CODIGOINE 28079000101 (NGMEP 202603, Capital de municipio); ORIGENCOOR NGMEP 'Detección automática'; distancia a IGR Poblaciones (mismo código; NUCL, capitalidad 111100): 0.000 km; municipio INE 28079 'Madrid' (relación INE 1-ene-2026); punto dentro de la provincia IGN: sí; OSM/Nominatim a 1.0 km (city; misma provincia)"
27,Málaga,Málaga,36.720262,-4.414980,"IGN - NGMEP 202603 (ENTIDADES.csv, TIPO 'Capital de municipio')",2026-10-07,false,"CODIGOINE 29067000502 (NGMEP 202603, Capital de municipio); ORIGENCOOR NGMEP 'Detección automática'; distancia a IGR Poblaciones (mismo código; NUCL, capitalidad 001100): 0.000 km; municipio INE 29067 'Málaga' (relación INE 1-ene-2026); punto dentro de la provincia IGN: sí; OSM/Nominatim a 5.5 km (municipality; misma provincia)"
28,Murcia,Murcia,37.983456,-1.130208,"IGN - NGMEP 202603 (ENTIDADES.csv, TIPO 'Capital de municipio')",2026-10-07,false,"CODIGOINE 30030000100 (NGMEP 202603, Capital de municipio); ORIGENCOOR NGMEP 'Investigación'; distancia a IGR Poblaciones (mismo código; ENSI, capitalidad 011100): 0.000 km; municipio INE 30030 'Murcia' (relación INE 1-ene-2026); punto dentro de la provincia IGN: sí; OSM/Nominatim a 5.6 km (city; misma provincia); IGR Poblaciones la publica como ENSI (no NUCL)"
29,Pamplona/Iruña,Navarra,42.818565,-1.644406,"IGN - NGMEP 202603 (ENTIDADES.csv, TIPO 'Capital de municipio')",2026-10-07,true,"CODIGOINE 31201000201 (NGMEP 202603, Capital de municipio); ORIGENCOOR NGMEP 'Detección automática'; distancia a IGR Poblaciones (mismo código; NUCL, capitalidad 011100): 0.000 km; municipio INE 31201 'Pamplona/Iruña' (relación INE 1-ene-2026); punto dentro de la provincia IGN: sí; OSM/Nominatim a 0.7 km (city; misma provincia); VERIFICACIÓN (lista Spec §7.2): CODIGOINE NGMEP = código IGR; municipio oficial INE 2026 y provincia INE 31 'Navarra'; punto NGMEP y punto OSM dentro del polígono provincial IGN; distancia a IGR <= 2,5 km; superada"
30,Ourense,Ourense,42.335531,-7.863837,"IGN - NGMEP 202603 (ENTIDADES.csv, TIPO 'Capital de municipio')",2026-10-07,true,"CODIGOINE 32054000101 (NGMEP 202603, Capital de municipio); ORIGENCOOR NGMEP 'GPS. PNRGM'; distancia a IGR Poblaciones (mismo código; NUCL, capitalidad 001100): 0.000 km; municipio INE 32054 'Ourense' (relación INE 1-ene-2026); punto dentro de la provincia IGN: sí; OSM/Nominatim a 1.1 km (municipality; misma provincia); VERIFICACIÓN (lista Spec §7.2): CODIGOINE NGMEP = código IGR; municipio oficial INE 2026 y provincia INE 32 'Ourense'; punto NGMEP y punto OSM dentro del polígono provincial IGN; distancia a IGR <= 2,5 km; superada"
31,Oviedo/Uviéu,Asturias,43.360518,-5.844629,"IGN - NGMEP 202603 (ENTIDADES.csv, TIPO 'Capital de municipio')",2026-10-07,false,"CODIGOINE 33044190101 (NGMEP 202603, Capital de municipio); ORIGENCOOR NGMEP 'Detección automática'; distancia a IGR Poblaciones (mismo código; NUCL, capitalidad 011100): 0.000 km; municipio INE 33044 'Oviedo' (relación INE 1-ene-2026); punto dentro de la provincia IGN: sí; OSM/Nominatim a 2.9 km (city; misma provincia)"
32,Palencia,Palencia,42.011120,-4.532801,"IGN - NGMEP 202603 (ENTIDADES.csv, TIPO 'Capital de municipio')",2026-10-07,false,"CODIGOINE 34120000101 (NGMEP 202603, Capital de municipio); ORIGENCOOR NGMEP 'Detección automática'; distancia a IGR Poblaciones (mismo código; NUCL, capitalidad 001100): 0.000 km; municipio INE 34120 'Palencia' (relación INE 1-ene-2026); punto dentro de la provincia IGN: sí; OSM/Nominatim a 2.0 km (city; misma provincia)"
33,Pontevedra,Pontevedra,42.431994,-8.646859,"IGN - NGMEP 202603 (ENTIDADES.csv, TIPO 'Capital de municipio')",2026-10-07,false,"CODIGOINE 36038000101 (NGMEP 202603, Capital de municipio); ORIGENCOOR NGMEP 'Detección automática'; distancia a IGR Poblaciones (mismo código; NUCL, capitalidad 001100): 0.000 km; municipio INE 36038 'Pontevedra' (relación INE 1-ene-2026); punto dentro de la provincia IGN: sí; OSM/Nominatim a 3.5 km (municipality; misma provincia)"
34,Salamanca,Salamanca,40.965505,-5.663629,"IGN - NGMEP 202603 (ENTIDADES.csv, TIPO 'Capital de municipio')",2026-10-07,false,"CODIGOINE 37274000201 (NGMEP 202603, Capital de municipio); ORIGENCOOR NGMEP 'Detección automática'; distancia a IGR Poblaciones (mismo código; NUCL, capitalidad 001100): 0.000 km; municipio INE 37274 'Salamanca' (relación INE 1-ene-2026); punto dentro de la provincia IGN: sí; OSM/Nominatim a 0.1 km (city; misma provincia)"
35,Santander,Cantabria,43.462343,-3.809990,"IGN - NGMEP 202603 (ENTIDADES.csv, TIPO 'Capital de municipio')",2026-10-07,false,"CODIGOINE 39075000501 (NGMEP 202603, Capital de municipio); ORIGENCOOR NGMEP 'Coordinado_IGR Poblaciones'; distancia a IGR Poblaciones (mismo código; NUCL, capitalidad 011100): 0.000 km; municipio INE 39075 'Santander' (relación INE 1-ene-2026); punto dentro de la provincia IGN: sí; OSM/Nominatim a 0.1 km (city; misma provincia)"
36,Segovia,Segovia,40.950564,-4.124229,"IGN - NGMEP 202603 (ENTIDADES.csv, TIPO 'Capital de municipio')",2026-10-07,false,"CODIGOINE 40194000601 (NGMEP 202603, Capital de municipio); ORIGENCOOR NGMEP 'Investigación'; distancia a IGR Poblaciones (mismo código; NUCL, capitalidad 001100): 0.000 km; municipio INE 40194 'Segovia' (relación INE 1-ene-2026); punto dentro de la provincia IGN: sí; OSM/Nominatim a 0.6 km (city; misma provincia)"
37,Sevilla,Sevilla,37.388637,-5.994477,"IGN - NGMEP 202603 (ENTIDADES.csv, TIPO 'Capital de municipio')",2026-10-07,false,"CODIGOINE 41091000201 (NGMEP 202603, Capital de municipio); ORIGENCOOR NGMEP 'Detección automática'; distancia a IGR Poblaciones (mismo código; NUCL, capitalidad 011100): 0.000 km; municipio INE 41091 'Sevilla' (relación INE 1-ene-2026); punto dentro de la provincia IGN: sí; OSM/Nominatim a 0.1 km (city; misma provincia)"
38,Soria,Soria,41.763034,-2.464068,"IGN - NGMEP 202603 (ENTIDADES.csv, TIPO 'Capital de municipio')",2026-10-07,false,"CODIGOINE 42173000401 (NGMEP 202603, Capital de municipio); ORIGENCOOR NGMEP 'Detección automática'; distancia a IGR Poblaciones (mismo código; NUCL, capitalidad 001100): 0.000 km; municipio INE 42173 'Soria' (relación INE 1-ene-2026); punto dentro de la provincia IGN: sí; OSM/Nominatim a 0.0 km (city; misma provincia)"
39,Tarragona,Tarragona,41.117453,1.254162,"IGN - NGMEP 202603 (ENTIDADES.csv, TIPO 'Capital de municipio')",2026-10-07,false,"CODIGOINE 43148001301 (NGMEP 202603, Capital de municipio); ORIGENCOOR NGMEP 'Detección automática'; distancia a IGR Poblaciones (mismo código; NUCL, capitalidad 001100): 0.000 km; municipio INE 43148 'Tarragona' (relación INE 1-ene-2026); punto dentro de la provincia IGN: sí; OSM/Nominatim a 0.0 km (city; misma provincia)"
40,Teruel,Teruel,40.343544,-1.108028,"IGN - NGMEP 202603 (ENTIDADES.csv, TIPO 'Capital de municipio')",2026-10-07,false,"CODIGOINE 44216000801 (NGMEP 202603, Capital de municipio); ORIGENCOOR NGMEP 'Detección automática'; distancia a IGR Poblaciones (mismo código; NUCL, capitalidad 001100): 0.000 km; municipio INE 44216 'Teruel' (relación INE 1-ene-2026); punto dentro de la provincia IGN: sí; OSM/Nominatim a 0.0 km (city; misma provincia)"
41,Toledo,Toledo,39.856491,-4.025285,"IGN - NGMEP 202603 (ENTIDADES.csv, TIPO 'Capital de municipio')",2026-10-07,false,"CODIGOINE 45168000103 (NGMEP 202603, Capital de municipio); ORIGENCOOR NGMEP 'Detección automática'; distancia a IGR Poblaciones (mismo código; NUCL, capitalidad 011100): 0.000 km; municipio INE 45168 'Toledo' (relación INE 1-ene-2026); punto dentro de la provincia IGN: sí; OSM/Nominatim a 0.1 km (city; misma provincia)"
42,València,València/Valencia,39.469901,-0.377393,"IGN - NGMEP 202603 (ENTIDADES.csv, TIPO 'Capital de municipio')",2026-10-07,true,"CODIGOINE 46250001401 (NGMEP 202603, Capital de municipio); ORIGENCOOR NGMEP 'Investigación'; distancia a IGR Poblaciones (mismo código; NUCL, capitalidad 011100): 0.000 km; municipio INE 46250 'València' (relación INE 1-ene-2026); punto dentro de la provincia IGN: sí; OSM/Nominatim a 0.1 km (city; misma provincia); VERIFICACIÓN (lista Spec §7.2): CODIGOINE NGMEP = código IGR; municipio oficial INE 2026 y provincia INE 46 'Valencia/València'; punto NGMEP y punto OSM dentro del polígono provincial IGN; distancia a IGR <= 2,5 km; superada"
43,Valladolid,Valladolid,41.652520,-4.728687,"IGN - NGMEP 202603 (ENTIDADES.csv, TIPO 'Capital de municipio')",2026-10-07,false,"CODIGOINE 47186000501 (NGMEP 202603, Capital de municipio); ORIGENCOOR NGMEP 'Coordinado_IGR Poblaciones'; distancia a IGR Poblaciones (mismo código; NUCL, capitalidad 011100): 0.444 km; municipio INE 47186 'Valladolid' (relación INE 1-ene-2026); punto dentro de la provincia IGN: sí; OSM/Nominatim a 3.6 km (city; misma provincia)"
44,Bilbao,Bizkaia,43.264219,-2.923459,"IGN - NGMEP 202603 (ENTIDADES.csv, TIPO 'Capital de municipio')",2026-10-07,false,"CODIGOINE 48020000101 (NGMEP 202603, Capital de municipio); ORIGENCOOR NGMEP 'Detección automática'; distancia a IGR Poblaciones (mismo código; NUCL, capitalidad 001100): 0.000 km; municipio INE 48020 'Bilbao' (relación INE 1-ene-2026); punto dentro de la provincia IGN: sí; OSM/Nominatim a 0.9 km (city; misma provincia)"
45,Zamora,Zamora,41.503904,-5.747018,"IGN - NGMEP 202603 (ENTIDADES.csv, TIPO 'Capital de municipio')",2026-10-07,false,"CODIGOINE 49275000201 (NGMEP 202603, Capital de municipio); ORIGENCOOR NGMEP 'Detección automática'; distancia a IGR Poblaciones (mismo código; NUCL, capitalidad 001100): 0.000 km; municipio INE 49275 'Zamora' (relación INE 1-ene-2026); punto dentro de la provincia IGN: sí; OSM/Nominatim a 2.6 km (city; misma provincia)"
46,Zaragoza,Zaragoza,41.656208,-0.877318,"IGN - NGMEP 202603 (ENTIDADES.csv, TIPO 'Capital de municipio')",2026-10-07,false,"CODIGOINE 50297001701 (NGMEP 202603, Capital de municipio); ORIGENCOOR NGMEP 'Investigación'; distancia a IGR Poblaciones (mismo código; NUCL, capitalidad 011100): 0.000 km; municipio INE 50297 'Zaragoza' (relación INE 1-ene-2026); punto dentro de la provincia IGN: sí; OSM/Nominatim a 4.8 km (city; misma provincia)"
