id,capital,provincia,cod_prov,codine_ign,codine_ngmep,codine_coincide,nombre_ngmep,tipo_ngmep,origencoor_ngmep,suprimida_ine,discrepante_ine,lat_ign,lon_ign,lat_ngmep,lon_ngmep,dist_km,dist_osm_ign_km,dist_osm_ngmep_km
0,Vitoria-Gasteiz,Araba/Álava,01,01059006301,01059006301,true,Vitoria-Gasteiz,Capital de municipio,Detección automática,FALSO,FALSO,42.850964300,-2.672037086,42.846823950,-2.672340318,0.461,0.864,0.981
1,Albacete,Albacete,02,02003000201,02003000201,true,Albacete,Capital de municipio,Detección automática,FALSO,FALSO,38.988843522,-1.860244823,38.996134280,-1.855677516,0.902,0.789,0.118
2,Alacant/Alicante,Alacant/Alicante,03,03014000201,03014000201,true,Alacant/Alicante,Capital de municipio,Detección automática,FALSO,FALSO,38.354830517,-0.491954562,38.345307260,-0.481365702,1.405,1.288,0.622
3,Almería,Almería,04,04013000101,04013000101,true,Almería,Capital de municipio,Detección automática,FALSO,FALSO,36.841184396,-2.454651763,36.840112680,-2.467672485,1.165,13.050,14.205
4,Ávila,Ávila,05,05019000301,05019000301,true,Ávila,Capital de municipio,Detección automática,FALSO,FALSO,40.655340767,-4.689046053,40.656809550,-4.700065193,0.944,2.235,3.155
5,Badajoz,Badajoz,06,06015000402,06015000402,true,Badajoz,Capital de municipio,Detección automática,FALSO,FALSO,38.870702119,-6.970963100,38.878901780,-6.969698521,0.918,0.836,0.087
6,Barcelona,Barcelona,08,08019000101,08019000101,true,Barcelona,Capital de municipio,Detección automática,FALSO,FALSO,41.394707803,2.154650000,41.382289860,2.177439664,2.350,2.306,0.044
7,Burgos,Burgos,09,09059000101,09059000101,true,Burgos,Capital de municipio,Detección automática,FALSO,FALSO,42.349127996,-3.678558166,42.340584640,-3.702175883,2.161,0.525,1.784
8,Cáceres,Cáceres,10,10037000101,10037000101,true,Cáceres,Capital de municipio,Investigación,FALSO,FALSO,39.474509940,-6.371845340,39.474509940,-6.371845340,0.000,0.015,0.015
9,Cádiz,Cádiz,11,11012000101,11012000101,true,Cádiz,Capital de municipio,Detección automática,FALSO,FALSO,36.529594410,-6.292954632,36.529594410,-6.292954632,0.000,0.017,0.017
10,Castelló de la Plana,Castelló/Castellón,12,12040000101,12040000101,true,Castelló de la Plana,Capital de municipio,Detección automática,FALSO,FALSO,39.986045340,-0.037848604,39.986045340,-0.037848604,0.000,0.010,0.010
11,Ciudad Real,Ciudad Real,13,13034000201,13034000201,true,Ciudad Real,Capital de municipio,Detección automática,FALSO,FALSO,38.984898420,-3.928485400,38.984898420,-3.928485400,0.000,0.058,0.058
12,Córdoba,Córdoba,14,14021000901,14021000901,true,Córdoba,Capital de municipio,Detección automática,FALSO,FALSO,37.885199970,-4.776241735,37.885199970,-4.776241735,0.000,0.072,0.072
13,A Coruña,A Coruña,15,15030000101,15030000101,true,A Coruña,Capital de municipio,Detección automática,FALSO,FALSO,43.371494780,-8.395825599,43.371494780,-8.395825599,0.000,3.241,3.241
14,Cuenca,Cuenca,16,16078000301,16078000301,true,Cuenca,Capital de municipio,Detección automática,FALSO,FALSO,40.077851130,-2.130079149,40.077851130,-2.130079149,0.000,1.311,1.311
15,Girona,Girona,17,17079000501,17079000501,true,Girona,Capital de municipio,Detección automática,FALSO,FALSO,41.983071500,2.824785924,41.983071500,2.824785924,0.000,0.580,0.580
16,Granada,Granada,18,18087000401,18087000401,true,Granada,Capital de municipio,Detección automática,FALSO,FALSO,37.174288910,-3.598691013,37.174288910,-3.598691013,0.000,0.115,0.115
17,Guadalajara,Guadalajara,19,19130000101,19130000101,true,Guadalajara,Capital de municipio,Detección automática,FALSO,FALSO,40.633608690,-3.167414258,40.633608690,-3.167414258,0.000,0.258,0.258
18,Donostia/San Sebastián,Gipuzkoa,20,20069000501,20069000501,true,Donostia/San Sebastián,Capital de municipio,Detección automática,FALSO,FALSO,43.321522790,-1.985720943,43.321522790,-1.985720943,0.000,0.179,0.179
19,Huelva,Huelva,21,21041000101,21041000101,true,Huelva,Capital de municipio,Detección automática,FALSO,FALSO,37.256535570,-6.949573738,37.256535570,-6.949573738,0.000,0.151,0.151
20,Huesca,Huesca,22,22125000801,22125000801,true,Huesca,Capital de municipio,Detección automática,FALSO,FALSO,42.140627570,-0.409021685,42.140627570,-0.409021685,0.000,0.275,0.275
21,Jaén,Jaén,23,23050000901,23050000901,true,Jaén,Capital de municipio,Detección automática,FALSO,FALSO,37.764576300,-3.790869297,37.764576300,-3.790869297,0.000,0.951,0.951
22,León,León,24,24089000201,24089000201,true,León,Capital de municipio,Detección automática,FALSO,FALSO,42.597628670,-5.574231879,42.597628670,-5.574231879,0.000,1.130,1.130
23,Lleida,Lleida,25,25120000601,25120000601,true,Lleida,Capital de municipio,Investigación,FALSO,FALSO,41.614703710,0.626734200,41.614703710,0.626734200,0.000,0.008,0.008
24,Logroño,La Rioja,26,26089000201,26089000201,true,Logroño,Capital de municipio,Detección automática,FALSO,FALSO,42.466306750,-2.439098065,42.466306750,-2.439098065,0.000,0.051,0.051
25,Lugo,Lugo,27,27028000101,27028000101,true,Lugo,Capital de municipio,Detección automática,FALSO,FALSO,43.010023230,-7.555631945,43.010023230,-7.555631945,0.000,3.539,3.539
26,Madrid,Madrid,28,28079000101,28079000101,true,Madrid,Capital de municipio,Detección automática,FALSO,FALSO,40.419025520,-3.691978194,40.419025520,-3.691978194,0.000,1.007,1.007
27,Málaga,Málaga,29,29067000502,29067000502,true,Málaga,Capital de municipio,Detección automática,FALSO,FALSO,36.720261920,-4.414980390,36.720261920,-4.414980390,0.000,5.514,5.514
28,Murcia,Murcia,30,30030000100,30030000100,true,Murcia,Capital de municipio,Investigación,FALSO,FALSO,37.983455520,-1.130208280,37.983455520,-1.130208280,0.000,5.619,5.619
29,Pamplona/Iruña,Navarra,31,31201000201,31201000201,true,Pamplona/Iruña,Capital de municipio,Detección automática,FALSO,FALSO,42.818565000,-1.644406262,42.818565000,-1.644406262,0.000,0.714,0.714
30,Ourense,Ourense,32,32054000101,32054000101,true,Ourense,Capital de municipio,GPS. PNRGM,FALSO,FALSO,42.335531170,-7.863836656,42.335531170,-7.863836656,0.000,1.079,1.079
31,Oviedo/Uviéu,Asturias,33,33044190101,33044190101,true,Oviedo/Uviéu,Capital de municipio,Detección automática,FALSO,FALSO,43.360518380,-5.844628833,43.360518380,-5.844628833,0.000,2.931,2.931
32,Palencia,Palencia,34,34120000101,34120000101,true,Palencia,Capital de municipio,Detección automática,FALSO,FALSO,42.011119580,-4.532801015,42.011119580,-4.532801015,0.000,2.012,2.012
33,Pontevedra,Pontevedra,36,36038000101,36038000101,true,Pontevedra,Capital de municipio,Detección automática,FALSO,FALSO,42.431993910,-8.646859346,42.431993910,-8.646859346,0.000,3.533,3.533
34,Salamanca,Salamanca,37,37274000201,37274000201,true,Salamanca,Capital de municipio,Detección automática,FALSO,FALSO,40.965504890,-5.663629175,40.965504890,-5.663629175,0.000,0.051,0.051
35,Santander,Cantabria,39,39075000501,39075000501,true,Santander,Capital de municipio,Coordinado_IGR Poblaciones,FALSO,FALSO,43.462343436,-3.809990345,43.462343440,-3.809990345,0.000,0.050,0.050
36,Segovia,Segovia,40,40194000601,40194000601,true,Segovia,Capital de municipio,Investigación,FALSO,FALSO,40.950563920,-4.124228700,40.950563920,-4.124228700,0.000,0.649,0.649
37,Sevilla,Sevilla,41,41091000201,41091000201,true,Sevilla,Capital de municipio,Detección automática,FALSO,FALSO,37.388636680,-5.994477382,37.388636680,-5.994477382,0.000,0.076,0.076
38,Soria,Soria,42,42173000401,42173000401,true,Soria,Capital de municipio,Detección automática,FALSO,FALSO,41.763033920,-2.464067606,41.763033920,-2.464067606,0.000,0.041,0.041
39,Tarragona,Tarragona,43,43148001301,43148001301,true,Tarragona,Capital de municipio,Detección automática,FALSO,FALSO,41.117452930,1.254161558,41.117452930,1.254161558,0.000,0.044,0.044
40,Teruel,Teruel,44,44216000801,44216000801,true,Teruel,Capital de municipio,Detección automática,FALSO,FALSO,40.343543590,-1.108028132,40.343543590,-1.108028132,0.000,0.020,0.020
41,Toledo,Toledo,45,45168000103,45168000103,true,Toledo,Capital de municipio,Detección automática,FALSO,FALSO,39.856490990,-4.025284848,39.856490990,-4.025284848,0.000,0.110,0.110
42,València,València/Valencia,46,46250001401,46250001401,true,València,Capital de municipio,Investigación,FALSO,FALSO,39.469901240,-0.377393290,39.469901240,-0.377393290,0.000,0.093,0.093
43,Valladolid,Valladolid,47,47186000501,47186000501,true,Valladolid,Capital de municipio,Coordinado_IGR Poblaciones,FALSO,FALSO,41.652327770,-4.723349240,41.652520150,-4.728687252,0.444,3.601,3.623
44,Bilbao,Bizkaia,48,48020000101,48020000101,true,Bilbao,Capital de municipio,Detección automática,FALSO,FALSO,43.264218680,-2.923458983,43.264218680,-2.923458983,0.000,0.945,0.945
45,Zamora,Zamora,49,49275000201,49275000201,true,Zamora,Capital de municipio,Detección automática,FALSO,FALSO,41.503904380,-5.747017887,41.503904380,-5.747017887,0.000,2.606,2.606
46,Zaragoza,Zaragoza,50,50297001701,50297001701,true,Zaragoza,Capital de municipio,Investigación,FALSO,FALSO,41.656207912,-0.877317861,41.656207910,-0.877317861,0.000,4.785,4.785
