id,capital,codigoine,origencoor_ngmep,codine_ign,cmun_ine,nombre_ine,provincia_ign,provincia_ine,tipo_ign,capital_ign,fecha_registro_ign,lat,lon,lat_igr,lon_igr,dist_igr_km,en_provincia_ign,osm_lat,osm_lon,osm_tipo,osm_en_misma_provincia,dist_osm_km,en_lista_verificacion,verificado_manual
0,Vitoria-Gasteiz,01059006301,Detección automática,01059006301,01059,Vitoria-Gasteiz,Araba/Álava,Araba/Álava,NUCL,011110,2025-11-27,42.846824,-2.672340,42.850964300,-2.672037086,0.461,true,42.850584,-2.661450,municipality,true,0.98,true,true
1,Albacete,02003000201,Detección automática,02003000201,02003,Albacete,Albacete,Albacete,NUCL,001100,2025-10-22,38.996134,-1.855678,38.988843522,-1.860244823,0.902,true,38.995092,-1.855915,city,true,0.12,false,false
2,Alacant/Alicante,03014000201,Detección automática,03014000201,03014,Alacant/Alicante,Alacant/Alicante,Alicante/Alacant,NUCL,001100,2025-11-27,38.345307,-0.481366,38.354830517,-0.491954562,1.405,true,38.343637,-0.488171,city,true,0.62,false,false
3,Almería,04013000101,Detección automática,04013000101,04013,Almería,Almería,Almería,NUCL,001100,2025-10-16,36.840113,-2.467672,36.841184396,-2.454651763,1.165,true,36.868574,-2.312028,city,true,14.21,false,false
4,Ávila,05019000301,Detección automática,05019000301,05019,Ávila,Ávila,Ávila,NUCL,001100,2025-10-21,40.656810,-4.700065,40.655340767,-4.689046053,0.944,true,40.657195,-4.662668,city,true,3.15,false,false
5,Badajoz,06015000402,Detección automática,06015000402,06015,Badajoz,Badajoz,Badajoz,NUCL,001100,2025-11-28,38.878902,-6.969699,38.870702119,-6.970963100,0.918,true,38.878187,-6.970111,city,true,0.09,false,false
6,Barcelona,08019000101,Detección automática,08019000101,08019,Barcelona,Barcelona,Barcelona,NUCL,011100,2025-12-03,41.382290,2.177440,41.394707803,2.154650000,2.350,true,41.382580,2.177073,city,true,0.04,false,false
7,Burgos,09059000101,Detección automática,09059000101,09059,Burgos,Burgos,Burgos,NUCL,001100,2025-10-21,42.340585,-3.702176,42.349127996,-3.678558166,2.161,true,42.344850,-3.681248,city,true,1.78,false,false
8,Cáceres,10037000101,Investigación,10037000101,10037,Cáceres,Cáceres,Cáceres,NUCL,001100,2025-11-28,39.474510,-6.371845,39.474509940,-6.371845340,0.000,true,39.474517,-6.371676,city,true,0.01,false,false
9,Cádiz,11012000101,Detección automática,11012000101,11012,Cádiz,Cádiz,Cádiz,NUCL,001100,2025-10-20,36.529594,-6.292955,36.529594410,-6.292954632,0.000,true,36.529744,-6.292898,city,true,0.02,false,false
10,Castelló de la Plana,12040000101,Detección automática,12040000101,12040,Castelló de la Plana/Castellón de la Plana,Castelló/Castellón,Castellón/Castelló,NUCL,001100,2025-10-28,39.986045,-0.037849,39.986045340,-0.037848604,0.000,true,39.986035,-0.037735,city,true,0.01,true,true
11,Ciudad Real,13034000201,Detección automática,13034000201,13034,Ciudad Real,Ciudad Real,Ciudad Real,NUCL,001100,2025-10-22,38.984898,-3.928485,38.984898420,-3.928485400,0.000,true,38.985420,-3.928514,city,true,0.06,false,false
12,Córdoba,14021000901,Detección automática,14021000901,14021,Córdoba,Córdoba,Córdoba,NUCL,001100,2025-12-05,37.885200,-4.776242,37.885199970,-4.776241735,0.000,true,37.884581,-4.776014,city,true,0.07,true,true
13,A Coruña,15030000101,Detección automática,15030000101,15030,"Coruña, A",A Coruña,A Coruña,NUCL,001100,2025-11-28,43.371495,-8.395826,43.371494780,-8.395825599,0.000,true,43.345462,-8.413852,municipality,true,3.24,true,true
14,Cuenca,16078000301,Detección automática,16078000301,16078,Cuenca,Cuenca,Cuenca,NUCL,001100,2025-10-22,40.077851,-2.130079,40.077851130,-2.130079149,0.000,true,40.066103,-2.131353,city,true,1.31,false,false
15,Girona,17079000501,Detección automática,17079000501,17079,Girona,Girona,Girona,NUCL,001100,2025-10-27,41.983072,2.824786,41.983071500,2.824785924,0.000,true,41.979301,2.819944,city,true,0.58,true,true
16,Granada,18087000401,Detección automática,18087000401,18087,Granada,Granada,Granada,NUCL,001100,2025-10-17,37.174289,-3.598691,37.174288910,-3.598691013,0.000,true,37.173499,-3.599534,city,true,0.12,false,false
17,Guadalajara,19130000101,Detección automática,19130000101,19130,Guadalajara,Guadalajara,Guadalajara,NUCL,001100,2025-10-27,40.633609,-3.167414,40.633608690,-3.167414258,0.000,true,40.632698,-3.164607,city,true,0.26,true,true
18,Donostia/San Sebastián,20069000501,Detección automática,20069000501,20069,Donostia/San Sebastián,Gipuzkoa,Gipuzkoa,NUCL,001100,2025-12-03,43.321523,-1.985721,43.321522790,-1.985720943,0.000,true,43.322422,-1.983889,city,true,0.18,true,true
19,Huelva,21041000101,Detección automática,21041000101,21041,Huelva,Huelva,Huelva,NUCL,001100,2025-10-20,37.256536,-6.949574,37.256535570,-6.949573738,0.000,true,37.257587,-6.948494,city,true,0.15,false,false
20,Huesca,22125000801,Detección automática,22125000801,22125,Huesca,Huesca,Huesca,NUCL,001100,2025-10-20,42.140628,-0.409022,42.140627570,-0.409021685,0.000,true,42.138254,-0.408090,city,true,0.27,false,false
21,Jaén,23050000901,Detección automática,23050000901,23050,Jaén,Jaén,Jaén,NUCL,001100,2025-10-20,37.764576,-3.790869,37.764576300,-3.790869297,0.000,true,37.772886,-3.788329,city,true,0.95,false,false
22,León,24089000201,Detección automática,24089000201,24089,León,León,León,NUCL,001100,2025-10-21,42.597629,-5.574232,42.597628670,-5.574231879,0.000,true,42.593453,-5.561642,city,true,1.13,true,true
23,Lleida,25120000601,Investigación,25120000601,25120,Lleida,Lleida,Lleida,NUCL,001100,2025-10-28,41.614704,0.626734,41.614703710,0.626734200,0.000,true,41.614761,0.626784,city,true,0.01,true,true
24,Logroño,26089000201,Detección automática,26089000201,26089,Logroño,La Rioja,La Rioja,NUCL,011100,2025-11-27,42.466307,-2.439098,42.466306750,-2.439098065,0.000,true,42.466120,-2.439668,city,true,0.05,false,false
25,Lugo,27028000101,Detección automática,27028000101,27028,Lugo,Lugo,Lugo,NUCL,001100,2025-11-27,43.010023,-7.555632,43.010023230,-7.555631945,0.000,true,42.991312,-7.590829,municipality,true,3.54,false,false
26,Madrid,28079000101,Detección automática,28079000101,28079,Madrid,Madrid,Madrid,NUCL,111100,2025-11-27,40.419026,-3.691978,40.419025520,-3.691978194,0.000,true,40.416782,-3.703507,city,true,1.01,false,false
27,Málaga,29067000502,Detección automática,29067000502,29067,Málaga,Málaga,Málaga,NUCL,001100,2025-10-20,36.720262,-4.414980,36.720261920,-4.414980390,0.000,true,36.764791,-4.442201,municipality,true,5.51,false,false
28,Murcia,30030000100,Investigación,30030000100,30030,Murcia,Murcia,Murcia,ENSI,011100,2025-11-27,37.983456,-1.130208,37.983455520,-1.130208280,0.000,true,37.934752,-1.113103,city,true,5.62,false,false
29,Pamplona/Iruña,31201000201,Detección automática,31201000201,31201,Pamplona/Iruña,Navarra,Navarra,NUCL,011100,2025-11-27,42.818565,-1.644406,42.818565000,-1.644406262,0.000,true,42.815686,-1.652235,city,true,0.71,true,true
30,Ourense,32054000101,GPS. PNRGM,32054000101,32054,Ourense,Ourense,Ourense,NUCL,001100,2025-11-27,42.335531,-7.863837,42.335531170,-7.863836656,0.000,true,42.343893,-7.857177,municipality,true,1.08,true,true
31,Oviedo/Uviéu,33044190101,Detección automática,33044190101,33044,Oviedo,Asturias,Asturias,NUCL,011100,2025-10-20,43.360518,-5.844629,43.360518380,-5.844628833,0.000,true,43.353345,-5.879510,city,true,2.93,false,false
32,Palencia,34120000101,Detección automática,34120000101,34120,Palencia,Palencia,Palencia,NUCL,001100,2025-10-21,42.011120,-4.532801,42.011119580,-4.532801015,0.000,true,41.995157,-4.544268,city,true,2.01,false,false
33,Pontevedra,36038000101,Detección automática,36038000101,36038,Pontevedra,Pontevedra,Pontevedra,NUCL,001100,2025-12-04,42.431994,-8.646859,42.431993910,-8.646859346,0.000,true,42.428065,-8.604145,municipality,true,3.53,false,false
34,Salamanca,37274000201,Detección automática,37274000201,37274,Salamanca,Salamanca,Salamanca,NUCL,001100,2025-10-21,40.965505,-5.663629,40.965504890,-5.663629175,0.000,true,40.965157,-5.664018,city,true,0.05,false,false
35,Santander,39075000501,Coordinado_IGR Poblaciones,39075000501,39075,Santander,Cantabria,Cantabria,NUCL,011100,2025-10-21,43.462343,-3.809990,43.462343436,-3.809990345,0.000,true,43.461893,-3.810026,city,true,0.05,false,false
36,Segovia,40194000601,Investigación,40194000601,40194,Segovia,Segovia,Segovia,NUCL,001100,2025-10-21,40.950564,-4.124229,40.950563920,-4.124228700,0.000,true,40.948119,-4.117210,city,true,0.65,false,false
37,Sevilla,41091000201,Detección automática,41091000201,41091,Sevilla,Sevilla,Sevilla,NUCL,011100,2025-10-20,37.388637,-5.994477,37.388636680,-5.994477382,0.000,true,37.388630,-5.995340,city,true,0.08,false,false
38,Soria,42173000401,Detección automática,42173000401,42173,Soria,Soria,Soria,NUCL,001100,2025-10-21,41.763034,-2.464068,41.763033920,-2.464067606,0.000,true,41.763384,-2.464204,city,true,0.04,false,false
39,Tarragona,43148001301,Detección automática,43148001301,43148,Tarragona,Tarragona,Tarragona,NUCL,001100,2025-10-27,41.117453,1.254162,41.117452930,1.254161558,0.000,true,41.117236,1.254606,city,true,0.04,false,false
40,Teruel,44216000801,Detección automática,44216000801,44216,Teruel,Teruel,Teruel,NUCL,001100,2025-10-20,40.343544,-1.108028,40.343543590,-1.108028132,0.000,true,40.343672,-1.108194,city,true,0.02,false,false
41,Toledo,45168000103,Detección automática,45168000103,45168,Toledo,Toledo,Toledo,NUCL,011100,2025-10-22,39.856491,-4.025285,39.856490990,-4.025284848,0.000,true,39.855891,-4.024265,city,true,0.11,false,false
42,València,46250001401,Investigación,46250001401,46250,València,València/Valencia,Valencia/València,NUCL,011100,2025-11-28,39.469901,-0.377393,39.469901240,-0.377393290,0.000,true,39.469707,-0.376335,city,true,0.09,true,true
43,Valladolid,47186000501,Coordinado_IGR Poblaciones,47186000501,47186,Valladolid,Valladolid,Valladolid,NUCL,011100,2025-10-22,41.652520,-4.728687,41.652327770,-4.723349240,0.444,true,41.620002,-4.725991,city,true,3.62,false,false
44,Bilbao,48020000101,Detección automática,48020000101,48020,Bilbao,Bizkaia,Bizkaia,NUCL,001100,2025-11-27,43.264219,-2.923459,43.264218680,-2.923458983,0.000,true,43.263002,-2.935004,city,true,0.94,false,false
45,Zamora,49275000201,Detección automática,49275000201,49275,Zamora,Zamora,Zamora,NUCL,001100,2025-10-22,41.503904,-5.747018,41.503904380,-5.747017887,0.000,true,41.516277,-5.773601,city,true,2.61,false,false
46,Zaragoza,50297001701,Investigación,50297001701,50297,Zaragoza,Zaragoza,Zaragoza,NUCL,011100,2025-10-20,41.656208,-0.877318,41.656207912,-0.877317861,0.000,true,41.691585,-0.910127,city,true,4.79,false,false
